{"current":{"heading_color":"#3a2a2f","text_color":"#000000","accent_color":"#3483fa","link_color":"#3483fa","border_color":"#e7e2de","background":"#ededed","secondary_background":"#ffffff","error_color":"#f71b1b","success_color":"#48b448","primary_button_background":"#3483fa","primary_button_text_color":"#ffffff","secondary_button_background":"#e2edfc","secondary_button_text_color":"#3483fa","header_background":"#fff159","header_text_color":"#333333","header_light_text_color":"#333333","header_accent_color":"#ffffff","footer_background_color":"#f7f4f2","footer_heading_text_color":"#3a2a2f","footer_body_text_color":"#3a2a2f","footer_accent_color":"#3483fa","product_on_sale_accent":"#fa8221","product_in_stock_color":"#008a00","product_low_stock_color":"#ee0000","product_sold_out_color":"#d1d1d4","product_label_1_background":"#fa8221","product_label_2_background":"#48b448","product_star_color":"#3483fa","base_text_font_size":14,"heading_font":"sans-serif","text_font":"sans-serif","underline_links":true,"animation_image_zoom":true,"search_mode":"product,article,page","show_vendor":false,"show_secondary_image":true,"show_discount":true,"discount_mode":"percentage","product_price_position":"after_title","product_image_size":"square","show_color_swatch":false,"show_inventory_quantity":false,"low_inventory_threshold":1,"show_reviews_badge":false,"cart_type":"page","cart_empty_button_link":"shopify:\/\/collections\/all","cart_show_checkout_button":true,"cart_show_free_shipping_threshold":true,"cart_free_shipping_threshold":"50","checkout_logo_position":"center","checkout_logo_size":"medium","checkout_body_background_image":"","checkout_body_background_color":"#fff","checkout_input_background_color_mode":"white","checkout_sidebar_background_image":"","checkout_sidebar_background_color":"#f7f4f2","checkout_heading_font":"-apple-system, BlinkMacSystemFont, 'Segoe UI', Roboto, Helvetica, Arial, sans-serif, 'Apple Color Emoji', 'Segoe UI Emoji', 'Segoe UI Symbol'","checkout_body_font":"-apple-system, BlinkMacSystemFont, 'Segoe UI', Roboto, Helvetica, Arial, sans-serif, 'Apple Color Emoji', 'Segoe UI Emoji', 'Segoe UI Symbol'","checkout_accent_color":"#ff6128","checkout_button_color":"#ff6128","checkout_error_color":"#f71b1b","sections":{"header":{"type":"header","settings":{"enable_sticky_header":true,"logo":"shopify:\/\/shop_images\/logo-pt__large_plus.png","nav_cor":"#fff159","nav_cor_texto":"#85804d","logo_max_width":140,"mobile_logo_max_width":170,"show_locale_selector":true,"show_currency_selector":true,"navigation_menu":"","desktop_navigation_layout":"inline","desktop_navigation_open_trigger":"hover","show_navigation_social_media":true,"navigation_phone_number":"Call us 000-000-0000","navigation_email":"info@yourwebsite.com","show_condensed_search":false,"show_search_filter":false,"search_menu":"","show_search_menu_title":true}},"footer":{"type":"footer","blocks":{"footer-0":{"type":"text","settings":{"title":"About the shop","content":"<p>Use this text area to tell your customers about your brand and vision. You can change it in the theme settings.<\/p>"}},"footer-1":{"type":"links","settings":{"menu":"footer"}},"footer-2":{"type":"newsletter","settings":{"title":"Newsletter","subheading":"<p>A short sentence describing what someone will receive by subscribing<\/p>"}}},"block_order":["footer-0","footer-1","footer-2"],"settings":{"show_social_media":true,"show_payment_icons":true,"show_locale_selector":true,"show_currency_selector":true,"show_cookie_bar":false,"text":"<p>Use this bar to show information about your cookie policy.<\/p>","accept_button":"Accept"}},"slideshow":{"type":"slideshow","blocks":{"slide-1":{"type":"image","settings":{"image":"shopify:\/\/shop_images\/mercado_2.png","show_overlay":false,"overlay_opacity":30,"text_color":"#ffffff","title":"","content":"","content_position":"bottomLeft","button_background":"#ffffff","button_text_color":"#000000","button_text":"Button","link":""}}},"block_order":["slide-1"],"settings":{"edge_to_edge":true,"section_size":"preserve_ratio","carousel_effect":"slide","autoplay":true,"cycle_speed":5}},"collection-list":{"type":"collection-list","blocks":{"collection-0":{"type":"collection","settings":{"collection":"relogios-masculinos","image":"shopify:\/\/shop_images\/copo_verde.jpg"}},"collection-1":{"type":"collection","settings":{"collection":"frontpage","image":"shopify:\/\/shop_images\/Relogio_Eletronico_Multi-Funcional_com_Tela_Grande02.jpg"}},"collection-2":{"type":"collection","settings":{"collection":"relogios-masculinos","image":"shopify:\/\/shop_images\/Vermelho.jpg"}},"collection-3":{"type":"collection","settings":{"collection":"frontpage","image":"shopify:\/\/shop_images\/smart-black.png"}},"collection-4":{"type":"collection","settings":{"collection":"relogios-masculinos","image":"shopify:\/\/shop_images\/carrinho-azul.jpg"}},"collection-5":{"type":"collection","settings":{"collection":"relogios-masculinos","image":"shopify:\/\/shop_images\/copo_vermelho.jpg"}}},"block_order":["collection-0","collection-1","collection-2","collection-3","collection-4","collection-5"],"settings":{"title":"Categorias","link_title":"Ver mais","link":"shopify:\/\/collections","round_images":true,"show_collection_title":true}},"collection-template":{"type":"collection-template","settings":{"show_collection_image":true,"collapse_collection_description":false,"collection_image_size":"small","products_per_row":"4","default_products_per_page":24,"default_view_layout":"grid","show_quick_buy":"list","show_quick_view":"list","quick_links":"","quick_links_show_products_count":true,"show_filters":true,"show_filter_color_swatch":true,"filter_type":"tag","open_group_filters_mode":"all_closed","filter_group_order":""}},"recently-viewed-products":{"type":"recently-viewed-products","settings":{"title":"Recently viewed"}},"product-template":{"type":"product-template","settings":{"show_vendor":false,"badge_02":false,"show_sku":false,"show_share_buttons":false,"show_taxes_included":false,"selector_mode":"block","color_mode":"variant_image","delivery_time":true,"textofrete":"Frete Grátis","delivery_time_text":"Receba entre:","entrega_estimada_cor":"#48b448","enable_garantia":true,"garantia_text":"30 Dias de Garantia","cor_text_garantia":"#3483fa","enable_troca":true,"troca_text":"7 dias para trocas e devoluções","cor_text_troca":"#3483fa","size_text_frete":"14px","delivery_time_min_days":3,"delivery_time_max_days":7,"show_quantity_selector":true,"show_payment_button":false,"image_size":"large","enable_image_zoom":true,"enable_video_looping":false,"zoom_effect":"outside","carousel_effect":"fade","show_inventory_quantity":false,"low_inventory_threshold":0,"content_display_mode":"show_all_and_expand_description","tab_page_1_handle":"","tab_page_2_handle":"","tab_page_3_handle":"","enable_reviews":false,"show_reviews_badge":false,"trust_title":"Pagamento Seguro","show_payment_icons":true,"badge_03":false,"badge_04":true,"badgebotao":"shopify:\/\/shop_images\/Screen_Shot_2021-08-09_at_20.39.51.png","show_shipping_estimator":false,"shipping_estimator_default_country":"United States","show_refunds_policy":true}},"product-recommendations":{"type":"product-recommendations","settings":{"show_product_recommendations":true,"heading":"Você Pode gostar","show_quick_buy":false}},"announcement-bar":{"type":"announcement-bar","settings":{"show_announcement":false,"background":"#3a2a2f","text_color":"#ffffff","text":"Announce something here","text_position":"left","link":"","show_newsletter":true,"newsletter_button":"Subscribe & Save","newsletter_title":"Newsletter","newsletter_content":"<p>A short sentence describing what someone will receive by subscribing<\/p>"}},"1542984811767":{"type":"featured-collection","settings":{"collection":"relogios-masculinos","title":"OFERTAS IMPERDÍVEIS","products_count":12,"layout":"vertical","stack_products":false,"show_quick_buy":true,"link_title":"Veja Mais","link_url":""}},"1550833441117":{"type":"collection-with-image","disabled":true,"settings":{"collection":"","products_count":12,"background":"#3483fa","text_color":"#ffffff","title":"Our best sellers","content":"Shop our most popular products for this season.","button_background":"#fff159","button_text_color":"#3483fa","button_text":"Learn more","button_link":""}},"1555314133560":{"type":"promotion-list","disabled":true,"blocks":{"1555314133560-0":{"type":"item","settings":{"image":"shopify:\/\/shop_images\/meulogo.png","show_overlay":false,"overlay_opacity":50,"stretch_image":false,"background":"#3483fa","text_color":"#ffffff","title":"","content":"","content_position":"top_right","button_background":"#ffffff","button_text_color":"#3483fa","button_text":"","button_link":""}},"1555314133560-1":{"type":"item","settings":{"image":"shopify:\/\/shop_images\/meulogo.png","show_overlay":false,"overlay_opacity":50,"stretch_image":false,"background":"#3483fa","text_color":"#ffffff","title":"Titulo","content":"Conte mais sobre seu produto, coleção ...","content_position":"top_left","button_background":"#ffffff","button_text_color":"#3483fa","button_text":"Learn more","button_link":""}},"1555314133560-2":{"type":"item","settings":{"show_overlay":false,"overlay_opacity":50,"stretch_image":false,"background":"#3483fa","text_color":"#ffffff","title":"Titulo","content":"Conte mais sobre seu produto, coleção ...","content_position":"top_left","button_background":"#ffffff","button_text_color":"#3483fa","button_text":"Learn more","button_link":""}}},"block_order":["1555314133560-0","1555314133560-1","1555314133560-2"],"settings":{"expand_items":false,"section_size":"medium","stack_mobile":false}},"1542984882560":{"type":"blog-posts","disabled":true,"settings":{"blog":"news","blog_posts_count":3,"title":"Blog posts","link_title":"View all","show_category":true,"show_author":true,"show_date":true,"show_excerpt":false,"stack_mobile":false}},"popups":{"type":"popups","settings":{}},"text-with-icons":{"type":"text-with-icons","blocks":{"text-with-icons-0":{"type":"item","settings":{"icon":"bi-delivery","title":"Free delivery worldwide","content":"<p>Short content about your store<\/p>"}},"text-with-icons-1":{"type":"item","settings":{"icon":"bi-returns","title":"Satisfied or refunded","content":"<p>Short content about your store<\/p>"}},"text-with-icons-2":{"type":"item","settings":{"icon":"bi-customer-support","title":"Top-notch support","content":"<p>Short content about your store<\/p>"}},"text-with-icons-3":{"type":"item","settings":{"icon":"bi-secure-payment","title":"Secure payments","content":"<p>Short content about your store<\/p>"}}},"block_order":["text-with-icons-0","text-with-icons-1","text-with-icons-2","text-with-icons-3"],"settings":{"show_section":true,"stack_mobile":false}},"static-promotion-list":{"type":"static-promotion-list","settings":{"expand_items":false,"section_size":"medium","stack_mobile":false}},"static-recently-viewed-products":{"type":"static-recently-viewed-products","settings":{"show_section":true,"title":"Visto Recentemente","show_quick_buy":false}},"1646077692e0b13700":{"type":"logo-list","blocks":{"1646077692e0b13700-0":{"type":"logo","settings":{"image":"shopify:\/\/shop_images\/curren_logo_280x_1ba17eec-4b15-445f-98fd-e2292cdc845f.png","link":""}},"1646077692e0b13700-1":{"type":"logo","settings":{"image":"shopify:\/\/shop_images\/Hc2ea9fa010dc406aaaa651ed781fcc9fN_280x_172f4624-9702-4d44-8fa9-008e230b7482.png","link":""}},"1646077692e0b13700-2":{"type":"logo","settings":{"image":"shopify:\/\/shop_images\/logo_header_sito_naviforce_trasparente_1200x1200_6ca9cf2d-48.png","link":""}},"1646077692e0b13700-3":{"type":"logo","settings":{"image":"shopify:\/\/shop_images\/lige_logo_280x_0d926352-109b-4473-80a5-6fb79dcbb13a.png","link":""}},"1646077692e0b13700-4":{"type":"logo","settings":{"image":"shopify:\/\/shop_images\/wwoor_logo_280x_03c90836-2742-4974-bcec-e77eaa644d85.png","link":""}},"1646077692e0b13700-5":{"type":"logo","settings":{"image":"shopify:\/\/shop_images\/curren_logo_280x_1ba17eec-4b15-445f-98fd-e2292cdc845f.png","link":""}}},"block_order":["1646077692e0b13700-0","1646077692e0b13700-1","1646077692e0b13700-2","1646077692e0b13700-3","1646077692e0b13700-4","1646077692e0b13700-5"],"settings":{"title":"Logo list","link_title":"","link":""}},"16460798307275d4ea":{"type":"mosaic","blocks":{"16460798307275d4ea-0":{"type":"item","settings":{"image":"shopify:\/\/shop_images\/meulogo.png","show_overlay":false,"overlay_opacity":50,"background":"#f3f4f4","text_color":"#4f5558","title":"","content":"","content_position":"top_left","button_background":"#4f5558","button_text_color":"#f3f4f4","button_text":"","link":""}},"16460798307275d4ea-1":{"type":"item","settings":{"image":"shopify:\/\/shop_images\/hbo-max-mlb-mlm_2x_377d5d26-66e7-42bb-b9e0-1a7a9d4f13d3.jpg","show_overlay":false,"overlay_opacity":50,"background":"#f3f4f4","text_color":"#4f5558","title":"","content":"","content_position":"top_left","button_background":"#4f5558","button_text_color":"#f3f4f4","button_text":"","link":""}},"16460798307275d4ea-2":{"type":"item","settings":{"image":"shopify:\/\/shop_images\/paramount-widget-mlb_2x_6122c00c-76bb-49c5-a991-91846392a498.jpg","show_overlay":false,"overlay_opacity":50,"background":"#f3f4f4","text_color":"#4f5558","title":"","content":"","content_position":"top_left","button_background":"#4f5558","button_text_color":"#f3f4f4","button_text":"Learn more","link":""}},"16460798307275d4ea-3":{"type":"item","settings":{"image":"shopify:\/\/shop_images\/hbo-max-mlb-mlm_2x_377d5d26-66e7-42bb-b9e0-1a7a9d4f13d3.jpg","show_overlay":false,"overlay_opacity":50,"background":"#f3f4f4","text_color":"#4f5558","title":"","content":"","content_position":"top_left","button_background":"#4f5558","button_text_color":"#f3f4f4","button_text":"","link":""}},"16460798307275d4ea-4":{"type":"item","settings":{"image":"shopify:\/\/shop_images\/meulogo.png","show_overlay":false,"overlay_opacity":50,"background":"#f3f4f4","text_color":"#4f5558","title":"","content":"","content_position":"top_left","button_background":"#4f5558","button_text_color":"#f3f4f4","button_text":"","link":""}}},"block_order":["16460798307275d4ea-0","16460798307275d4ea-1","16460798307275d4ea-2","16460798307275d4ea-3","16460798307275d4ea-4"],"settings":{"section_size":"medium"}}},"content_for_index":["slideshow","1646077692e0b13700","1542984811767","1555314133560","collection-list","1550833441117","1542984882560","16460798307275d4ea"]},"presets":{"Metal":{"heading_color":"#1e2d7d","text_color":"#677279","accent_color":"#00badb","link_color":"#00badb","border_color":"#e1e3e4","background":"#f3f5f6","secondary_background":"#ffffff","error_color":"#ff0000","success_color":"#00aa00","primary_button_background":"#00badb","primary_button_text_color":"#ffffff","secondary_button_background":"#1e2d7d","secondary_button_text_color":"#ffffff","header_background":"#1e2d7d","header_text_color":"#ffffff","header_light_text_color":"#a3afef","header_accent_color":"#00badb","product_on_sale_accent":"#ee0000","product_in_stock_color":"#008a00","product_low_stock_color":"#ee0000","product_sold_out_color":"#8a9297","product_label_1_background":"#008a00","product_label_2_background":"#00a500","product_star_color":"#ffbd00","footer_background_color":"#f3f5f6","footer_heading_text_color":"#1e2d7d","footer_body_text_color":"#677279","footer_accent_color":"#00badb","base_text_font_size":16,"heading_font":"din_next_n5","text_font":"din_next_n4","underline_links":true,"animation_image_zoom":true,"search_mode":"product,article","show_vendor":true,"show_secondary_image":true,"product_price_position":"after_title","product_image_size":"natural","show_discount":true,"discount_mode":"saving","show_color_swatch":false,"show_inventory_quantity":false,"low_inventory_threshold":0,"show_reviews_badge":false,"cart_type":"drawer","cart_empty_button_link":"shopify:\/\/collections\/all","cart_show_checkout_button":true,"cart_show_free_shipping_threshold":false,"cart_free_shipping_threshold":"50","share_image":"","social_facebook":"","social_twitter":"","social_google_plus":"","social_pinterest":"","social_instagram":"","social_vimeo":"","social_tumblr":"","social_youtube":"","social_linkedin":"","social_snapchat":"","social_fancy":"","favicon":"","checkout_header_image":"","checkout_logo_image":"","checkout_logo_position":"left","checkout_logo_size":"medium","checkout_body_background_image":"","checkout_body_background_color":"#fff","checkout_input_background_color_mode":"white","checkout_sidebar_background_image":"","checkout_sidebar_background_color":"#fafafa","checkout_heading_font":"-apple-system, BlinkMacSystemFont, 'Segoe UI', Roboto, Helvetica, Arial, sans-serif, 'Apple Color Emoji', 'Segoe UI Emoji', 'Segoe UI Symbol'","checkout_body_font":"-apple-system, BlinkMacSystemFont, 'Segoe UI', Roboto, Helvetica, Arial, sans-serif, 'Apple Color Emoji', 'Segoe UI Emoji', 'Segoe UI Symbol'","checkout_accent_color":"#00badb","checkout_button_color":"#00badb","checkout_error_color":"#ff0000","sections":{"header":{"type":"header","settings":{"logo":"","logo_max_width":140,"mobile_logo_max_width":100,"navigation_menu":"main-menu","desktop_navigation_layout":"inline","desktop_navigation_open_trigger":"hover","navigation_phone_number":"Call us 000-000-0000","navigation_email":"info@yourwebsite.com","search_menu":""}},"footer":{"type":"footer","blocks":{"footer-0":{"type":"text","settings":{"title":"About the shop","content":"<p>Use this text area to tell your customers about your brand and vision. You can change it in the theme settings.<\/p>"}},"footer-1":{"type":"links","settings":{"menu":"footer"}},"footer-2":{"type":"newsletter","settings":{"title":"Newsletter","subheading":"<p>A short sentence describing what someone will receive by subscribing<\/p>"}}},"block_order":["footer-0","footer-1","footer-2"],"settings":{"show_social_media":true,"show_payment_icons":true}},"slideshow":{"type":"slideshow","blocks":{"slide-0":{"type":"image","settings":{"image":"","mobile_image":"","text_color":"#ffffff","title":"Tell your story","content":"Tell your story","content_position":"bottomLeft","button_background":"#ffffff","button_text_color":"#000000","button_text":"Button","link":""}},"slide-1":{"type":"image","settings":{"image":"","mobile_image":"","text_color":"#ffffff","title":"Tell your story","content":"Tell your story","content_position":"bottomLeft","button_background":"#ffffff","button_text_color":"#000000","button_text":"Button","link":""}}},"block_order":["slide-0","slide-1"],"settings":{"edge_to_edge":true,"section_size":"preserve_ratio","cycle_speed":5}},"collection-list":{"type":"collection-list","blocks":{"collection-0":{"type":"collection","settings":{"collection":"","image":""}},"collection-1":{"type":"collection","settings":{"collection":"","image":""}},"collection-2":{"type":"collection","settings":{"collection":"","image":""}},"collection-3":{"type":"collection","settings":{"collection":"","image":""}},"collection-4":{"type":"collection","settings":{"collection":"","image":""}},"collection-5":{"type":"collection","settings":{"collection":"","image":""}}},"block_order":["collection-0","collection-1","collection-2","collection-3","collection-4","collection-5"],"settings":{"title":"Our collections","link_title":"View all","link":"shopify:\/\/collections"}},"featured-product":{"type":"featured-product","settings":{"product":"","title":"Featured product","selector_mode":"block","color_mode":"color","low_inventory_threshold":0,"zoom_effect":"outside","carousel_effect":"fade"}},"collection-template":{"type":"collection-template","settings":{"collection_image_size":"small","default_view_layout":"grid","show_quick_view":"list","show_quick_buy":"list","quick_links":"","filter_type":"tag"}},"recently-viewed-products":{"type":"recently-viewed-products","settings":{"title":"Recently viewed"}},"product-template":{"type":"product-template","settings":{"selector_mode":"block","color_mode":"color","low_inventory_threshold":0,"zoom_effect":"outside","carousel_effect":"fade","tab_page_1_handle":"","tab_page_2_handle":"","tab_page_3_handle":"","custom_security_badge":""}},"product-recommendations":{"type":"product-recommendations","settings":{}},"announcement-bar":{"type":"announcement-bar","settings":{"background":"#1e2d7d","text_color":"#ffffff","text":"Announce something here","link":"","newsletter_button":"Subscribe & Save","newsletter_title":"Newsletter","newsletter_content":"<p>A short sentence describing what someone will receive by subscribing<\/p>"}},"1542984811767":{"type":"featured-collection","settings":{"collection":"","title":"Featured collection","products_count":12,"layout":"vertical","link_title":"View all"}},"1542984842027":{"type":"newsletter","settings":{"title":"Newsletter","content":"<p>A short sentence describing what someone will receive by subscribing<\/p>"}},"1542984882560":{"type":"blog-posts","settings":{"blog":"news","title":"Blog posts"}}},"content_for_index":["slideshow","1542984811767","collection-list","1542984842027","featured-product","1542984882560"]},"Wood":{"heading_color":"#3a2a2f","text_color":"#3a2a2f","accent_color":"#ff6128","link_color":"#ff6128","border_color":"#e7e2de","background":"#f7f4f2","secondary_background":"#ffffff","error_color":"#f71b1b","success_color":"#48b448","primary_button_background":"#ff6128","primary_button_text_color":"#ffffff","secondary_button_background":"#3a2a2f","secondary_button_text_color":"#ffffff","header_background":"#3a2a2f","header_text_color":"#ffffff","header_light_text_color":"#e9e2dd","header_accent_color":"#ff6128","product_on_sale_accent":"#ee0000","product_in_stock_color":"#008a00","product_low_stock_color":"#ee0000","product_sold_out_color":"#d1d1d4","product_label_1_background":"#ff6128","product_label_2_background":"#a95ebe","product_star_color":"#ffb647","footer_background_color":"#f7f4f2","footer_heading_text_color":"#3a2a2f","footer_body_text_color":"#3a2a2f","footer_accent_color":"#ff6128","base_text_font_size":15,"heading_font":"itc_avant_garde_gothic_n5","text_font":"basic_commercial_n4","underline_links":true,"animation_image_zoom":true,"search_mode":"product,article,page","show_vendor":true,"show_secondary_image":true,"show_discount":true,"discount_mode":"percentage","product_price_position":"after_title","product_image_size":"square","show_color_swatch":false,"show_inventory_quantity":true,"low_inventory_threshold":1,"show_reviews_badge":false,"cart_type":"drawer","cart_empty_button_link":"shopify:\/\/collections\/all","cart_show_checkout_button":true,"cart_show_free_shipping_threshold":true,"cart_free_shipping_threshold":"50","checkout_logo_position":"center","checkout_logo_size":"medium","checkout_body_background_image":"","checkout_body_background_color":"#fff","checkout_input_background_color_mode":"white","checkout_sidebar_background_image":"","checkout_sidebar_background_color":"#f7f4f2","checkout_heading_font":"-apple-system, BlinkMacSystemFont, 'Segoe UI', Roboto, Helvetica, Arial, sans-serif, 'Apple Color Emoji', 'Segoe UI Emoji', 'Segoe UI Symbol'","checkout_body_font":"-apple-system, BlinkMacSystemFont, 'Segoe UI', Roboto, Helvetica, Arial, sans-serif, 'Apple Color Emoji', 'Segoe UI Emoji', 'Segoe UI Symbol'","checkout_accent_color":"#ff6128","checkout_button_color":"#ff6128","checkout_error_color":"#f71b1b","sections":{"header":{"type":"header","settings":{"logo":"","logo_max_width":140,"mobile_logo_max_width":100,"navigation_menu":"main-menu","desktop_navigation_layout":"inline","desktop_navigation_open_trigger":"hover","navigation_phone_number":"Call us 000-000-0000","navigation_email":"info@yourwebsite.com","search_menu":""}},"footer":{"type":"footer","blocks":{"footer-0":{"type":"text","settings":{"title":"About the shop","content":"<p>Use this text area to tell your customers about your brand and vision. You can change it in the theme settings.<\/p>"}},"footer-1":{"type":"links","settings":{"menu":"footer"}},"footer-2":{"type":"newsletter","settings":{"title":"Newsletter","subheading":"<p>A short sentence describing what someone will receive by subscribing<\/p>"}}},"block_order":["footer-0","footer-1","footer-2"],"settings":{"show_social_media":true,"show_payment_icons":true}},"slideshow":{"type":"slideshow","blocks":{"slide-0":{"type":"image","settings":{"image":"","mobile_image":"","text_color":"#ffffff","title":"Tell your story","content":"Tell your story","content_position":"bottomLeft","button_background":"#ffffff","button_text_color":"#000000","button_text":"Button","link":""}},"slide-1":{"type":"image","settings":{"image":"","mobile_image":"","text_color":"#ffffff","title":"Tell your story","content":"Tell your story","content_position":"bottomLeft","button_background":"#ffffff","button_text_color":"#000000","button_text":"Button","link":""}}},"block_order":["slide-0","slide-1"],"settings":{"edge_to_edge":true,"section_size":"preserve_ratio","cycle_speed":5}},"collection-list":{"type":"collection-list","blocks":{"collection-0":{"type":"collection","settings":{"collection":"","image":""}},"collection-1":{"type":"collection","settings":{"collection":"","image":""}},"collection-2":{"type":"collection","settings":{"collection":"","image":""}},"collection-3":{"type":"collection","settings":{"collection":"","image":""}},"collection-4":{"type":"collection","settings":{"collection":"","image":""}},"collection-5":{"type":"collection","settings":{"collection":"","image":""}}},"block_order":["collection-0","collection-1","collection-2","collection-3","collection-4","collection-5"],"settings":{"title":"Our collections","link_title":"View all","link":"shopify:\/\/collections"}},"collection-template":{"type":"collection-template","settings":{"collection_image_size":"small","default_view_layout":"grid","show_quick_view":"list","show_quick_buy":"list","quick_links":"","filter_type":"tag"}},"recently-viewed-products":{"type":"recently-viewed-products","settings":{"title":"Recently viewed"}},"product-template":{"type":"product-template","settings":{"selector_mode":"block","color_mode":"color","low_inventory_threshold":0,"zoom_effect":"outside","carousel_effect":"fade","tab_page_1_handle":"","tab_page_2_handle":"","tab_page_3_handle":"","custom_security_badge":""}},"product-recommendations":{"type":"product-recommendations","settings":{}},"announcement-bar":{"type":"announcement-bar","settings":{"background":"#3a2a2f","text_color":"#ffffff","text":"Announce something here","link":"","newsletter_button":"Subscribe & Save","newsletter_title":"Newsletter","newsletter_content":"<p>A short sentence describing what someone will receive by subscribing<\/p>"}},"1542984811767":{"type":"featured-collection","settings":{"collection":"","title":"Featured collection","products_count":12,"layout":"vertical","link_title":"View all"}},"1550833441117":{"type":"collection-with-image","settings":{"collection":"","products_count":12,"image":"","background":"#3a2a2f","text_color":"#ffffff","title":"Our best sellers","content":"Shop our most popular products for this season.","button_background":"#e95d2b","button_text_color":"#ffffff","button_text":"Learn more","button_link":""}},"1555314133560":{"type":"promotion-list","blocks":{"1555314133560-0":{"type":"item","settings":{"image":"","show_overlay":false,"stretch_image":false,"background":"#6f42ef","text_color":"#ffffff","title":"Your heading","content":"Tell more about your product, collection...","button_background":"#ffffff","button_text_color":"#6f42ef","button_text":"Learn more","button_link":""}},"1555314133560-1":{"type":"item","settings":{"image":"","show_overlay":false,"stretch_image":false,"background":"#fc2a68","text_color":"#ffffff","title":"Your heading","content":"Tell more about your product, collection...","button_background":"#ffffff","button_text_color":"#fc2a68","button_text":"Learn more","button_link":""}},"1555314133560-2":{"type":"item","settings":{"image":"","show_overlay":false,"stretch_image":false,"background":"#26c1ce","text_color":"#ffffff","title":"Your heading","content":"Tell more about your product, collection...","button_background":"#ffffff","button_text_color":"#26c1ce","button_text":"Learn more","button_link":""}}},"block_order":["1555314133560-0","1555314133560-1","1555314133560-2"],"settings":{"expand_items":false,"section_size":"medium","stack_mobile":false}},"1542984882560":{"type":"blog-posts","settings":{"blog":"news","title":"Blog posts"}}},"content_for_index":["slideshow","1542984811767","1555314133560","collection-list","1550833441117","1542984882560"]}}}